{
    "ID": "GS00358",
    "glycam": "DManpa1-3[DGlcpNAcb1-2DManpa1-6]DManpb1-4DGlcpNAcb1-4DGlcpNAc",
    "iupac": "Man(a1-3)[GlcNAc(b1-2)Man(a1-6)]Man(b1-4)GlcNAc(b1-4)GlcNAc",
    "wurcs": "WURCS=2.0/4,6,5/[u2122h_2*NCC/3=O][a2122h-1b_1-5_2*NCC/3=O][a1122h-1b_1-5][a1122h-1a_1-5]/1-2-3-4-4-2/a4-b1_b4-c1_c3-d1_c6-e1_e2-f1",
    "glycoct": "RES 1b:x-dglc-HEX-x:x 2s:n-acetyl 3b:b-dglc-HEX-1:5 4s:n-acetyl 5b:b-dman-HEX-1:5 6b:a-dman-HEX-1:5 7b:a-dman-HEX-1:5 8b:b-dglc-HEX-1:5 9s:n-acetyl LIN 1:1d(2+1)2n 2:1o(4+1)3d 3:3d(2+1)4n 4:3o(4+1)5d 5:5o(3+1)6d 6:5o(6+1)7d 7:7o(2+1)8d 8:8d(2+1)9n",
    "smiles": "O1C(O)[C@H](NC(C)=O)[C@@H](O)[C@H](O[C@@H]2O[C@H](CO)[C@@H](O[C@@H]3O[C@H](CO[C@H]4O[C@H](CO)[C@@H](O)[C@H](O)[C@@H]4O[C@@H]5O[C@H](CO)[C@@H](O)[C@H](O)[C@H]5NC(C)=O)[C@@H](O)[C@H](O[C@H]4O[C@H](CO)[C@@H](O)[C@H](O)[C@@H]4O)[C@@H]3O)[C@H](O)[C@H]2NC(C)=O)[C@H]1CO",
    "components": "Man: 3,  GlcNAc: 3",
    "composition": "on",
    "components_search": {
        "Man": 3,
        "GlcNAc": 3
    },
    "composition_search": null,
    "mass": 1113.4,
    "motifs": [
        "Trimannosylcore"
    ],
    "termini": [
        "Man(a1-3)",
        "GlcNAc(b1-2)"
    ],
    "rot_bonds": 19,
    "hbond_donor": 20,
    "hbond_acceptor": 31,
    "glycan_type": null,
    "glytoucan_id": "G51699IR",
    "disease": null,
    "tissue": null,
    "species": null,
    "genus": null,
    "family": null,
    "order": null,
    "class": null,
    "phylum": null,
    "kingdom": null,
    "domain": null,
    "clusters": {
        "Cluster 0": 63.74,
        "Cluster 1": 19.94,
        "Cluster 2": 16.32
    },
    "length": "2.0",
    "package": "GROMACS",
    "forcefield": "GLYCAM_06j",
    "temperature": "300.0",
    "pressure": "1.0",
    "salt": "150"
}